Group 1,Group 2,H,p-value,q-value
CCI (n=77),Sham (n=40),10.080976114468271,0.0014980795211074845,0.0014980795211074845
