Group 1,Group 2,H,p-value,q-value
35d (n=58),Baseline (n=59),0.22498172253583962,0.6352700328556958,0.6352700328556958
