Group 1,Group 2,H,p-value,q-value
PAN (n=58),Vehicle (n=59),11.260685957312008,0.0007916595063850136,0.0007916595063850136
