Group 1,Group 2,H,p-value,q-value
F (n=60),M (n=57),11.139494304052217,0.0008450892687469688,0.0008450892687469688
