Group 1,Group 2,H,p-value,q-value
PAN (n=58),Vehicle (n=59),3.980901247164468,0.04601893439737713,0.04601893439737713
