Group 1,Group 2,H,p-value,q-value
F (n=60),M (n=57),1.7994647636039645,0.1797772158196902,0.1797772158196902
