Group 1,Group 2,H,p-value,q-value
35d (n=58),Baseline (n=59),0.29717976403929924,0.5856558811353684,0.5856558811353684
