Group 1,Group 2,H,p-value,q-value
CCI (n=77),Sham (n=40),5.099570768214846,0.02393176484335941,0.02393176484335941
