Group 1,Group 2,H,p-value,q-value
PAN (n=58),Vehicle (n=59),13.023724851162513,0.0003075694355097673,0.0003075694355097673
