Group 1,Group 2,H,p-value,q-value
CCI (n=77),Sham (n=40),10.954523442659024,0.0009337538425149219,0.0009337538425149219
