Group 1,Group 2,H,p-value,q-value
35d (n=58),Baseline (n=59),1.8425442550199023,0.17465303755024392,0.17465303755024392
