Group 1,Group 2,H,p-value,q-value
F (n=60),M (n=57),3.297323818019663,0.06939285280631385,0.06939285280631385
