Group 1,Group 2,H,p-value,q-value
F (n=60),M (n=57),0.7143919119833981,0.3979896478453794,0.3979896478453794
