Group 1,Group 2,H,p-value,q-value
PAN (n=58),Vehicle (n=59),10.91351078267246,0.0009546542942235848,0.0009546542942235848
