Group 1,Group 2,H,p-value,q-value
35d (n=58),Baseline (n=59),5.494853837086055,0.01907252203776242,0.01907252203776242
