Group 1,Group 2,H,p-value,q-value
CCI (n=77),Sham (n=40),8.928021131410958,0.0028082844576696243,0.0028082844576696243
